congress,chamber,party_code,party_name,n_members,nominate_dim1_median,nominate_dim2_median,nominate_dim1_mean,nominate_dim2_mean
1,President,5000,Pro-Administration,1,,,,
1,Senate,4000,Anti-Administration,9,-0.2375,-0.213,-0.23975,-0.04475
1,Senate,5000,Pro-Administration,20,0.427,-0.3085,0.3520499999999999,-0.1662
2,President,5000,Pro-Administration,1,,,,
2,Senate,4000,Anti-Administration,14,-0.392,-0.544,-0.361214286,-0.308
2,Senate,5000,Pro-Administration,17,0.446,-0.252,0.3864117647058823,-0.117882353
3,President,5000,Pro-Administration,1,,,,
3,Senate,4000,Anti-Administration,15,-0.37,-0.548,-0.376933333,-0.432
3,Senate,5000,Pro-Administration,18,0.5705,-0.179,0.5734999999999999,0.003888889
4,President,1,Federalist,1,,,,
4,Senate,1,Federalist,29,0.6185,-0.046,0.5752500000000002,0.031178571428571444
4,Senate,13,Democrat-Republican,14,-0.37,-0.462,-0.392769231,-0.349692308
5,President,1,Federalist,1,,,,
5,Senate,1,Federalist,31,0.717,-0.043,0.5952903225806452,0.035
5,Senate,13,Democrat-Republican,14,-0.364,0.023,-0.320769231,-0.152
6,President,1,Federalist,1,,,,
6,Senate,1,Federalist,27,0.625,0.036,0.5730000000000001,0.077481481
6,Senate,13,Democrat-Republican,11,-0.277,0.023,-0.317181818,-0.107
7,President,13,Democrat-Republican,1,0.018,0.516,0.018,0.516
7,Senate,1,Federalist,16,0.6890000000000001,-0.1075,0.6684999999999999,-0.1065
7,Senate,13,Democrat-Republican,20,-0.232,-0.22,-0.268684211,-0.241631579
8,President,13,Democrat-Republican,1,0.018,0.516,0.018,0.516
8,Senate,1,Federalist,10,0.6665000000000001,-0.329,0.6515000000000001,-0.1751
8,Senate,13,Democrat-Republican,34,-0.2125,-0.22,-0.240176471,-0.298411765
9,President,13,Democrat-Republican,1,0.018,0.516,0.018,0.516
9,Senate,1,Federalist,7,0.646,-0.409,0.6585714285714285,-0.238142857
9,Senate,13,Democrat-Republican,30,-0.1255,-0.164,-0.111766667,-0.165033333
10,President,13,Democrat-Republican,1,0.018,0.516,0.018,0.516
10,Senate,1,Federalist,7,0.619,-0.249,0.6241428571428571,-0.236714286
10,Senate,13,Democrat-Republican,32,-0.065,0.068,-0.100645161,-0.012290323
11,President,13,Democrat-Republican,1,0.138,0.731,0.138,0.731
11,Senate,1,Federalist,10,0.643,-0.1705,0.6561999999999999,-0.2047
11,Senate,13,Democrat-Republican,34,-0.065,0.068,-0.071757576,0.051575757575757566
12,President,13,Democrat-Republican,1,0.138,0.731,0.138,0.731
12,Senate,1,Federalist,6,0.5945,-0.1465,0.6251666666666666,-0.1715
12,Senate,13,Democrat-Republican,31,-0.126,0.023,-0.089193548,-0.035548387
13,President,13,Democrat-Republican,1,0.138,0.731,0.138,0.731
13,Senate,1,Federalist,10,0.563,-0.242,0.5939,-0.1883
13,Senate,13,Democrat-Republican,36,-0.2145,0.039,-0.12875,-0.008472222
14,President,13,Democrat-Republican,1,0.138,0.731,0.138,0.731
14,Senate,1,Federalist,15,0.522,-0.182,0.5280666666666667,-0.1964
14,Senate,13,Democrat-Republican,29,-0.112,0.063,-0.128793103,0.033344828
15,President,13,Democrat-Republican,1,0.13,0.548,0.13,0.548
15,Senate,1,Federalist,13,0.522,-0.237,0.565,-0.287846154
15,Senate,13,Democrat-Republican,33,-0.041,0.132,-0.073969697,0.08069697
16,President,13,Democrat-Republican,1,0.13,0.548,0.13,0.548
16,Senate,1,Federalist,10,0.5994999999999999,-0.245,0.5972000000000001,-0.2781
16,Senate,13,Democrat-Republican,41,-0.026,0.052,0.012634146341463415,0.056365854
17,President,13,Democrat-Republican,1,0.13,0.548,0.13,0.548
17,Senate,1,Federalist,5,0.575,-0.237,0.5668,-0.2076
17,Senate,13,Democrat-Republican,48,0.034,0.0455,0.082458333,0.044020833
18,President,13,Democrat-Republican,1,0.13,0.548,0.13,0.548
18,Senate,1346,Jackson Republican,12,-0.1835,-0.0835,-0.160583333,-0.042666667
18,Senate,7777,Crawford Republican,22,0.076,0.006,0.10250000000000002,-0.058909091
18,Senate,8000,Adams-Clay Federalist,5,0.57,-0.253,0.5224,-0.2444
18,Senate,8888,Adams-Clay Republican,14,0.23299999999999998,0.3745,0.22735714285714284,0.43757142857142856
19,President,22,Adams,1,0.396,-0.147,0.396,-0.147
19,Senate,22,Adams,26,0.37,0.38,0.3494,0.4073199999999999
19,Senate,555,Jackson,32,-0.142,-0.226,-0.098709677,-0.210322581
19,Senate,1346,Jackson Republican,1,-0.497,0.868,-0.497,0.868
19,Senate,7777,Crawford Republican,1,0.919,0.377,0.919,0.377
20,President,22,Adams,1,0.396,-0.147,0.396,-0.147
20,Senate,22,Adams,23,0.37,0.558,0.3368260869565217,0.479
20,Senate,555,Jackson,30,-0.0745,-0.2315,-0.096333333,-0.179466667
21,President,555,Jackson,1,-0.25,-0.098,-0.25,-0.098
21,Senate,555,Jackson,31,-0.0985,-0.187,-0.157733333,-0.1412
21,Senate,1275,Anti-Jackson,23,0.395,0.38,0.38760869565217393,0.42165217391304344
22,President,555,Jackson,1,-0.25,-0.098,-0.25,-0.098
22,Senate,44,Nullifier,3,-0.04,-0.571,-0.032,-0.568333333
22,Senate,555,Jackson,29,-0.161,0.059,-0.20537931,0.10848275862068969
22,Senate,1275,Anti-Jackson,23,0.4075,0.3095,0.4065454545454545,0.28277272727272723
23,President,555,Jackson,1,-0.25,-0.098,-0.25,-0.098
23,Senate,44,Nullifier,2,-0.0805,-0.062,-0.0805,-0.062
23,Senate,555,Jackson,25,-0.274,-0.021,-0.30032,0.11124000000000002
23,Senate,1275,Anti-Jackson,29,0.384,0.18,0.3120344827586207,0.13972413793103447
24,President,555,Jackson,1,-0.25,-0.098,-0.25,-0.098
24,Senate,44,Nullifier,2,-0.0805,-0.062,-0.0805,-0.062
24,Senate,555,Jackson,34,-0.344,-0.0095,-0.378529412,0.071970588
24,Senate,1275,Anti-Jackson,27,0.274,0.18,0.25718518518518524,0.166962963
25,President,100,Democrat,1,0.105,-0.969,0.105,-0.969
25,Senate,29,Whig,19,0.181,0.181,0.21010526315789468,0.2663684210526316
25,Senate,100,Democrat,40,-0.341,-0.1245,-0.364825,-0.038925
26,President,100,Democrat,1,0.105,-0.969,0.105,-0.969
26,Senate,29,Whig,28,0.251,0.174,0.2073214285714286,0.2530714285714285
26,Senate,100,Democrat,32,-0.3695,-0.1695,-0.39009375,-0.1026875
27,President,29,Whig,2,0.251,-0.968,0.251,-0.968
27,Senate,29,Whig,34,0.251,0.2595,0.19973529411764707,0.24435294117647058
27,Senate,100,Democrat,25,-0.373,-0.161,-0.40524,-0.13648
28,President,29,Whig,1,0.251,-0.968,0.251,-0.968
28,Senate,29,Whig,29,0.216,0.25,0.16941379310344834,0.24172413793103448
28,Senate,100,Democrat,30,-0.412,-0.2215,-0.421933333,-0.121966667
28,Senate,403,Law and Order,1,0.353,-0.355,0.353,-0.355
29,President,100,Democrat,1,-0.659,-0.504,-0.659,-0.504
29,Senate,29,Whig,26,0.28049999999999997,0.2235,0.24465384615384622,0.24496153846153845
29,Senate,100,Democrat,39,-0.43,-0.082,-0.428897436,-0.015435897
29,Senate,1111,Liberty,1,0.907,0.29,0.907,0.29
30,President,100,Democrat,1,-0.659,-0.504,-0.659,-0.504
30,Senate,29,Whig,24,0.2115,0.248,0.2047916666666667,0.3165833333333333
30,Senate,100,Democrat,47,-0.398,-0.175,-0.380851064,-0.175
30,Senate,329,Ind. Democrat,1,0.11,-0.8,0.11,-0.8
31,President,29,Whig,2,,,,
31,Senate,29,Whig,29,0.244,0.243,0.18642857142857142,0.31889285714285703
31,Senate,100,Democrat,40,-0.377,-0.151,-0.374,-0.1298
31,Senate,300,Free Soil,2,0.2125,-0.8745,0.2125,-0.8745
32,President,29,Whig,1,,,,
32,Senate,29,Whig,26,0.102,0.2965,0.0945,0.3755769230769231
32,Senate,100,Democrat,44,-0.384,-0.051,-0.378295455,-0.115886364
32,Senate,300,Free Soil,3,0.315,-0.8,0.25566666666666665,-0.664333333
33,President,100,Democrat,1,0.256,0.132,0.256,0.132
33,Senate,29,Whig,23,0.03,0.373,0.070565217,0.379695652
33,Senate,100,Democrat,42,-0.384,0.008,-0.362214286,-0.090904762
33,Senate,300,Free Soil,4,0.4305,-0.5615,0.4705,-0.579
33,Senate,310,American,1,0.332,-0.22,0.332,-0.22
34,President,100,Democrat,1,0.256,0.132,0.256,0.132
34,Senate,100,Democrat,39,-0.405,0.033,-0.380384615,0.009051282
34,Senate,200,Republican,1,0.343,-0.291,0.343,-0.291
34,Senate,310,American,1,-0.361,-0.056,-0.361,-0.056
34,Senate,3333,Opposition,23,0.214,0.1585,0.13822727272727275,0.086409091
35,President,100,Democrat,1,-0.721,-0.045,-0.721,-0.045
35,Senate,100,Democrat,47,-0.421,0.137,-0.408425532,0.1286595744680851
35,Senate,200,Republican,21,0.268,-0.228,0.2509523809523809,-0.358619048
35,Senate,310,American,5,-0.08,0.453,-0.1458,0.40519999999999995
36,President,100,Democrat,1,-0.721,-0.045,-0.721,-0.045
36,Senate,100,Democrat,41,-0.445,0.101,-0.432585366,0.06597561
36,Senate,200,Republican,27,0.244,-0.244,0.23907407407407402,-0.373
36,Senate,310,American,2,-0.108,0.4395,-0.108,0.4395
37,President,200,Republican,1,0.431,0.902,0.431,0.902
37,Senate,100,Democrat,29,-0.421,0.114,-0.393172414,0.10144827586206898
37,Senate,200,Republican,37,0.214,-0.236,0.19974999999999996,-0.346083333
37,Senate,206,Unionist,8,-0.183,0.208,-0.147,0.07175
38,President,200,Republican,1,0.431,0.902,0.431,0.902
38,Senate,100,Democrat,11,-0.303,0.265,-0.296181818,0.29154545454545455
38,Senate,200,Republican,34,0.27,-0.1375,0.25064705882352944,-0.209617647
38,Senate,203,Unconditional Unionist,5,0.025,-0.037,0.0244,-0.092
38,Senate,206,Unionist,5,-0.1915,0.386,-0.185,0.36125000000000007
39,President,200,Republican,2,0.431,0.902,0.431,0.902
39,Senate,100,Democrat,11,-0.275,0.182,-0.294090909,0.1752727272727273
39,Senate,200,Republican,44,0.27,-0.078,0.23495454545454544,-0.138681818
39,Senate,203,Unconditional Unionist,3,0.025,0.278,0.055666667,0.3866666666666667
39,Senate,206,Unionist,1,-0.289,0.45,-0.289,0.45
40,President,200,Republican,1,,,,
40,Senate,100,Democrat,12,-0.4275,0.11649999999999999,-0.428,0.089166667
40,Senate,200,Republican,57,0.286,0.059,0.2555614035087719,0.096245614
41,President,200,Republican,1,0.18,0.018,0.18,0.018
41,Senate,100,Democrat,13,-0.42,-0.136,-0.448384615,-0.093538462
41,Senate,200,Republican,67,0.28049999999999997,0.0315,0.2611363636363636,0.084863636
42,President,200,Republican,1,0.18,0.018,0.18,0.018
42,Senate,100,Democrat,18,-0.4555,-0.236,-0.457888889,-0.221444444
42,Senate,200,Republican,56,0.2845,0.0445,0.2677142857142857,0.046375
42,Senate,208,Liberal Republican,1,0.022,-0.343,0.022,-0.343
43,President,200,Republican,1,0.18,0.018,0.18,0.018
43,Senate,100,Democrat,21,-0.42,-0.139,-0.481619048,-0.197857143
43,Senate,200,Republican,51,0.285,0.124,0.27466666666666667,0.083666667
43,Senate,208,Liberal Republican,7,0.122,-0.343,0.14857142857142858,-0.218857143
44,President,200,Republican,1,0.18,0.018,0.18,0.018
44,Senate,100,Democrat,34,-0.42,-0.041,-0.44569697,-0.089606061
44,Senate,200,Republican,47,0.274,0.106,0.2525106382978723,0.077638298
44,Senate,331,Ind. Republican,1,0.104,-0.118,0.104,-0.118
45,President,200,Republican,1,,,,
45,Senate,100,Democrat,38,-0.4175,-0.037,-0.436578947,-0.113526316
45,Senate,200,Republican,43,0.274,0.13,0.26655813953488366,0.10606976744186049
45,Senate,328,Independent,1,-0.06,-0.083,-0.06,-0.083
46,President,200,Republican,1,,,,
46,Senate,100,Democrat,45,-0.43,-0.039,-0.4526,-0.116755556
46,Senate,200,Republican,35,0.286,0.059,0.29534285714285713,-0.027171429
46,Senate,328,Independent,1,-0.06,-0.083,-0.06,-0.083
47,President,200,Republican,2,0.095,-0.995,0.095,-0.995
47,Senate,100,Democrat,38,-0.4335,0.0075,-0.448815789,-0.052763158
47,Senate,114,Readjuster,1,0.397,0.296,0.397,0.296
47,Senate,200,Republican,45,0.314,-0.158,0.3147555555555555,-0.113044444
47,Senate,328,Independent,1,-0.06,-0.083,-0.06,-0.083
48,President,200,Republican,1,0.095,-0.995,0.095,-0.995
48,Senate,100,Democrat,36,-0.4335,-0.052,-0.449444444,-0.091666667
48,Senate,114,Readjuster,2,0.20400000000000001,0.23349999999999999,0.20400000000000001,0.23349999999999999
48,Senate,200,Republican,40,0.308,-0.2515,0.311025,-0.192675
49,President,100,Democrat,1,-0.362,-0.758,-0.362,-0.758
49,Senate,100,Democrat,39,-0.43,-0.071,-0.445820513,-0.125666667
49,Senate,200,Republican,45,0.288,-0.218,0.29806666666666665,-0.158666667
50,President,100,Democrat,1,-0.362,-0.758,-0.362,-0.758
50,Senate,100,Democrat,37,-0.457,-0.071,-0.458837838,-0.123081081
50,Senate,200,Republican,40,0.287,-0.2305,0.28857499999999997,-0.1785
51,President,200,Republican,1,0.268,-0.182,0.268,-0.182
51,Senate,100,Democrat,38,-0.447,-0.0785,-0.452842105,-0.124078947
51,Senate,200,Republican,53,0.304,-0.183,0.3122264150943397,-0.10445283
52,President,200,Republican,1,0.268,-0.182,0.268,-0.182
52,Senate,100,Democrat,45,-0.43,-0.086,-0.441111111,-0.184688889
52,Senate,200,Republican,49,0.305,-0.187,0.31065306122448977,-0.115734694
52,Senate,340,Populist,2,-0.083,0.7395,-0.083,0.7395
53,President,100,Democrat,1,-0.362,-0.758,-0.362,-0.758
53,Senate,100,Democrat,48,-0.4265,-0.0235,-0.438229167,-0.158395833
53,Senate,200,Republican,44,0.3115,-0.185,0.323,-0.131022727
53,Senate,340,Populist,3,-0.108,0.977,-0.126666667,0.8186666666666667
53,Senate,1060,Silver,1,0.252,0.215,0.252,0.215
54,President,100,Democrat,1,-0.362,-0.758,-0.362,-0.758
54,Senate,100,Democrat,40,-0.414,-0.1055,-0.42285,-0.173075
54,Senate,200,Republican,44,0.3215,-0.1525,0.3461818181818182,-0.090863636
54,Senate,340,Populist,4,-0.161,0.976,-0.15025,0.85775
54,Senate,1060,Silver,2,0.22799999999999998,0.2235,0.22799999999999998,0.2235
55,President,200,Republican,1,0.232,0.372,0.232,0.372
55,Senate,100,Democrat,38,-0.424,0,-0.426054054,-0.126135135
55,Senate,200,Republican,46,0.374,-0.303,0.38110869565217387,-0.294847826
55,Senate,340,Populist,5,-0.214,0.968,-0.191,0.8354000000000001
55,Senate,354,Silver Republican,5,0.095,0.825,0.0666,0.7901999999999999
55,Senate,1060,Silver,2,0.22799999999999998,0.2235,0.22799999999999998,0.2235
56,President,200,Republican,1,0.232,0.372,0.232,0.372
56,Senate,100,Democrat,28,-0.4325,-0.061,-0.418071429,-0.096892857
56,Senate,200,Republican,57,0.386,-0.2445,0.3968571428571428,-0.218464286
56,Senate,340,Populist,5,-0.214,0.968,-0.191,0.8354000000000001
56,Senate,354,Silver Republican,3,0.071,0.825,0.026999999999999996,0.769
56,Senate,1060,Silver,2,0.22799999999999998,0.2235,0.22799999999999998,0.2235
57,President,200,Republican,2,0.3175,0.425,0.3175,0.425
57,Senate,100,Democrat,32,-0.397,-0.011,-0.37375,-0.01946875
57,Senate,200,Republican,60,0.4015,-0.295,0.3994166666666666,-0.190366667
57,Senate,340,Populist,2,-0.188,0.8765000000000001,-0.188,0.8765000000000001
58,President,200,Republican,1,0.403,0.478,0.403,0.478
58,Senate,100,Democrat,33,-0.39,-0.144,-0.360545455,-0.14130303
58,Senate,200,Republican,60,0.435,-0.295,0.4337166666666667,-0.199316667
59,President,200,Republican,1,0.403,0.478,0.403,0.478
59,Senate,100,Democrat,35,-0.395,-0.144,-0.3672,-0.130228571
59,Senate,200,Republican,63,0.433,-0.244,0.4358852459016394,-0.156655738
60,President,200,Republican,1,0.403,0.478,0.403,0.478
60,Senate,100,Democrat,37,-0.3905,-0.176,-0.360972222,-0.189305556
60,Senate,200,Republican,65,0.426,-0.187,0.42590769230769243,-0.093723077
61,President,200,Republican,1,0.175,-0.985,0.175,-0.985
61,Senate,100,Democrat,40,-0.38,-0.2045,-0.361157895,-0.261552632
61,Senate,200,Republican,63,0.417,-0.129,0.4174285714285714,-0.065571429
62,President,200,Republican,1,0.175,-0.985,0.175,-0.985
62,Senate,100,Democrat,53,-0.298,-0.162,-0.309647059,-0.175764706
62,Senate,200,Republican,57,0.417,-0.128,0.4074210526315789,-0.023263158
63,President,100,Democrat,1,-0.398,-0.559,-0.398,-0.559
63,Senate,100,Democrat,56,-0.278,-0.141,-0.280946429,-0.149589286
63,Senate,200,Republican,44,0.4175,-0.038,0.40688636363636355,0.030363636
63,Senate,370,Progressive,1,0.199,0.341,0.199,0.341
64,President,100,Democrat,1,-0.398,-0.559,-0.398,-0.559
64,Senate,100,Democrat,58,-0.2865,-0.0635,-0.284689655,-0.095344828
64,Senate,200,Republican,42,0.432,-0.0495,0.4216666666666667,0.024833333333333336
65,President,100,Democrat,1,-0.398,-0.559,-0.398,-0.559
65,Senate,100,Democrat,62,-0.269,-0.137,-0.278606557,-0.12242623
65,Senate,200,Republican,49,0.403,-0.044,0.41863829787234047,0.033446809
66,President,100,Democrat,1,-0.398,-0.559,-0.398,-0.559
66,Senate,100,Democrat,50,-0.281,-0.14,-0.29324,-0.15808
66,Senate,200,Republican,51,0.426,-0.055,0.42507843137254897,0.033039216
67,President,200,Republican,1,0.445,-0.748,0.445,-0.748
67,Senate,100,Democrat,40,-0.269,-0.137,-0.286410256,-0.138794872
67,Senate,200,Republican,67,0.432,0.045,0.42074242424242414,0.063454545
68,President,200,Republican,2,0.4205,-0.219,0.4205,-0.219
68,Senate,100,Democrat,43,-0.259,-0.028,-0.25327907,-0.090186047
68,Senate,200,Republican,59,0.43,0.057,0.41389830508474573,0.060830508474576266
68,Senate,537,Farmer-Labor,2,0.19,0.9079999999999999,0.19,0.9079999999999999
69,President,200,Republican,1,0.396,0.31,0.396,0.31
69,Senate,100,Democrat,43,-0.267,-0.055,-0.268651163,-0.091534884
69,Senate,200,Republican,61,0.419,0.14,0.3979672131147541,0.14557377049180328
69,Senate,537,Farmer-Labor,1,0.21,0.978,0.21,0.978
70,President,200,Republican,1,0.396,0.31,0.396,0.31
70,Senate,100,Democrat,48,-0.263,-0.034,-0.2726875,-0.050020833
70,Senate,200,Republican,54,0.417,0.14,0.39249056603773586,0.14873584905660378
70,Senate,537,Farmer-Labor,1,0.21,0.978,0.21,0.978
71,President,200,Republican,1,,,,
71,Senate,100,Democrat,44,-0.268,0.0005,-0.278477273,0.012613636363636353
71,Senate,200,Republican,64,0.4185,0.0465,0.40342187500000004,0.06815625
71,Senate,537,Farmer-Labor,1,0.21,0.978,0.21,0.978
72,President,200,Republican,1,,,,
72,Senate,100,Democrat,53,-0.2365,0.1155,-0.227384615,0.16390384615384618
72,Senate,200,Republican,52,0.3705,0.074,0.3671346153846154,0.081211538
72,Senate,537,Farmer-Labor,1,0.21,0.978,0.21,0.978
73,President,100,Democrat,1,-0.368,0.245,-0.368,0.245
73,Senate,100,Democrat,65,-0.221,0.243,-0.207938462,0.24610769230769228
73,Senate,200,Republican,37,0.323,0.048,0.3319459459459459,0.096324324
73,Senate,537,Farmer-Labor,1,0.21,0.978,0.21,0.978
74,President,100,Democrat,1,-0.368,0.245,-0.368,0.245
74,Senate,100,Democrat,77,-0.209,0.243,-0.20784,0.2311333333333333
74,Senate,200,Republican,26,0.276,0.217,0.29719999999999996,0.1726
74,Senate,370,Progressive,1,0.048,0.95,0.048,0.95
74,Senate,537,Farmer-Labor,2,0.11499999999999999,0.989,0.11499999999999999,0.989
75,President,100,Democrat,1,-0.368,0.245,-0.368,0.245
75,Senate,100,Democrat,84,-0.2275,0.24,-0.227646341,0.24250000000000002
75,Senate,200,Republican,19,0.255,-0.018,0.2668823529411764,0.041823529
75,Senate,328,Independent,1,0.134,0.991,0.134,0.991
75,Senate,370,Progressive,1,0.048,0.95,0.048,0.95
75,Senate,537,Farmer-Labor,2,0.2135,0.977,0.2135,0.977
76,President,100,Democrat,1,-0.368,0.245,-0.368,0.245
76,Senate,100,Democrat,73,-0.224,0.243,-0.220493151,0.26094520547945205
76,Senate,200,Republican,27,0.246,-0.172,0.25392592592592583,-0.100592593
76,Senate,328,Independent,1,0.134,0.991,0.134,0.991
76,Senate,370,Progressive,1,0.048,0.95,0.048,0.95
76,Senate,537,Farmer-Labor,2,0.2135,0.977,0.2135,0.977
77,President,100,Democrat,1,-0.368,0.245,-0.368,0.245
77,Senate,100,Democrat,76,-0.221,0.312,-0.217643836,0.30730136986301365
77,Senate,200,Republican,31,0.254,-0.098,0.2541666666666666,-0.094366667
77,Senate,328,Independent,1,0.134,0.991,0.134,0.991
77,Senate,370,Progressive,1,0.048,0.95,0.048,0.95
78,President,100,Democrat,1,-0.368,0.245,-0.368,0.245
78,Senate,100,Democrat,61,-0.191,0.314,-0.195133333,0.27979999999999994
78,Senate,200,Republican,42,0.277,-0.041,0.29173809523809524,-0.091928571
78,Senate,370,Progressive,1,0.048,0.95,0.048,0.95
79,President,100,Democrat,2,-0.371,0.1295,-0.371,0.1295
79,Senate,100,Democrat,66,-0.209,0.334,-0.219,0.3218153846153846
79,Senate,200,Republican,42,0.271,-0.1365,0.274952381,-0.151
79,Senate,370,Progressive,1,0.048,0.95,0.048,0.95
80,President,100,Democrat,1,-0.374,0.014,-0.374,0.014
80,Senate,100,Democrat,47,-0.195,0.564,-0.191531915,0.46629787234042547
80,Senate,200,Republican,51,0.287,-0.172,0.2927843137254903,-0.202686275
81,President,100,Democrat,1,-0.374,0.014,-0.374,0.014
81,Senate,100,Democrat,62,-0.221,0.357,-0.239393443,0.36259016393442617
81,Senate,200,Republican,47,0.248,-0.247,0.2665319148936171,-0.289170213
82,President,100,Democrat,1,-0.374,0.014,-0.374,0.014
82,Senate,100,Democrat,51,-0.206,0.477,-0.200333333,0.4152156862745097
82,Senate,200,Republican,48,0.273,-0.325,0.276,-0.290395833
83,President,200,Republican,1,0.281,-0.864,0.281,-0.864
83,Senate,100,Democrat,54,-0.204,0.528,-0.191792453,0.47145283018867923
83,Senate,200,Republican,56,0.273,-0.389,0.2867962962962964,-0.357592593
83,Senate,328,Independent,1,-0.851,0.525,-0.851,0.525
84,President,200,Republican,1,0.281,-0.864,0.281,-0.864
84,Senate,100,Democrat,51,-0.242,0.428,-0.230235294,0.4258627450980391
84,Senate,200,Republican,47,0.28,-0.334,0.2804893617021277,-0.325595745
84,Senate,328,Independent,1,-0.851,0.525,-0.851,0.525
85,President,200,Republican,1,0.281,-0.864,0.281,-0.864
85,Senate,100,Democrat,53,-0.242,0.525,-0.233962264,0.4559433962264149
85,Senate,200,Republican,48,0.28,-0.3575,0.26785416666666667,-0.337145833
86,President,200,Republican,1,0.281,-0.864,0.281,-0.864
86,Senate,100,Democrat,67,-0.265,0.387,-0.272447761,0.36885074626865666
86,Senate,200,Republican,36,0.257,-0.389,0.2559444444444445,-0.363527778
87,President,100,Democrat,1,-0.472,-0.487,-0.472,-0.487
87,Senate,100,Democrat,65,-0.296,0.391,-0.277892308,0.38735384615384605
87,Senate,200,Republican,40,0.2775,-0.4,0.26895,-0.3872
88,President,100,Democrat,2,-0.4045,-0.261,-0.4045,-0.261
88,Senate,100,Democrat,69,-0.311,0.31,-0.291173913,0.34088405797101434
88,Senate,200,Republican,33,0.232,-0.434,0.2784242424242424,-0.429575758
89,President,100,Democrat,1,-0.337,-0.035,-0.337,-0.035
89,Senate,100,Democrat,70,-0.316,0.31,-0.297271429,0.3352571428571427
89,Senate,200,Republican,33,0.308,-0.418,0.27957575757575753,-0.388242424
90,President,100,Democrat,1,-0.337,-0.035,-0.337,-0.035
90,Senate,100,Democrat,64,-0.312,0.31,-0.29890625,0.3414374999999997
90,Senate,200,Republican,37,0.275,-0.434,0.25300000000000006,-0.426783784
91,President,200,Republican,1,0.552,-0.834,0.552,-0.834
91,Senate,100,Democrat,58,-0.319,0.2545,-0.289051724,0.34599999999999986
91,Senate,200,Republican,44,0.273,-0.4435,0.2508409090909091,-0.446204545
92,President,200,Republican,1,0.552,-0.834,0.552,-0.834
92,Senate,100,Democrat,56,-0.31,0.27149999999999996,-0.28675,0.3557857142857141
92,Senate,112,Conservative,1,0.499,-0.441,0.499,-0.441
92,Senate,200,Republican,45,0.271,-0.445,0.2332222222222222,-0.458755556
92,Senate,328,Independent,1,0.092,0.968,0.092,0.968
93,President,200,Republican,2,0.529,-0.79,0.529,-0.79
93,Senate,100,Democrat,57,-0.319,0.254,-0.325842105,0.29577192982456135
93,Senate,112,Conservative,1,0.499,-0.441,0.499,-0.441
93,Senate,200,Republican,43,0.278,-0.434,0.2648372093023256,-0.38372093
93,Senate,328,Independent,1,0.092,0.968,0.092,0.968
94,President,200,Republican,1,0.506,-0.746,0.506,-0.746
94,Senate,100,Democrat,61,-0.319,0.223,-0.324540984,0.2748688524590164
94,Senate,112,Conservative,1,0.499,-0.441,0.499,-0.441
94,Senate,200,Republican,38,0.28049999999999997,-0.4175,0.27084210526315794,-0.378289474
94,Senate,328,Independent,1,0.092,0.968,0.092,0.968
95,President,100,Democrat,1,-0.504,0.119,-0.504,0.119
95,Senate,100,Democrat,65,-0.329,0.31,-0.319646154,0.29378461538461526
95,Senate,200,Republican,38,0.2935,-0.4605,0.2690263157894737,-0.405578947
95,Senate,328,Independent,1,0.092,0.968,0.092,0.968
96,President,100,Democrat,1,-0.504,0.119,-0.504,0.119
96,Senate,100,Democrat,59,-0.319,0.209,-0.312864407,0.26228813559322034
96,Senate,200,Republican,41,0.275,-0.445,0.2766341463414633,-0.39497561
96,Senate,328,Independent,1,0.092,0.968,0.092,0.968
97,President,200,Republican,1,0.692,-0.713,0.692,-0.713
97,Senate,100,Democrat,46,-0.314,0.311,-0.299304348,0.2607608695652173
97,Senate,200,Republican,54,0.294,-0.313,0.31051851851851847,-0.316796296
97,Senate,328,Independent,1,0.092,0.968,0.092,0.968
98,President,200,Republican,1,0.692,-0.713,0.692,-0.713
98,Senate,100,Democrat,46,-0.314,0.2595,-0.301326087,0.24667391304347822
98,Senate,200,Republican,55,0.283,-0.279,0.3073454545454545,-0.302945455
99,President,200,Republican,1,0.692,-0.713,0.692,-0.713
99,Senate,100,Democrat,47,-0.322,0.155,-0.305595745,0.21527659574468086
99,Senate,200,Republican,54,0.281,-0.267,0.3141666666666666,-0.284
100,President,200,Republican,1,0.692,-0.713,0.692,-0.713
100,Senate,100,Democrat,55,-0.313,0.137,-0.294363636,0.2002545454545454
100,Senate,200,Republican,46,0.3025,-0.308,0.3140652173913042,-0.333434783
101,President,200,Republican,1,0.557,-0.547,0.557,-0.547
101,Senate,100,Democrat,56,-0.306,0.031,-0.293428571,0.12326785714285715
101,Senate,200,Republican,46,0.316,-0.3,0.3230217391304347,-0.300782609
102,President,200,Republican,1,0.557,-0.547,0.557,-0.547
102,Senate,100,Democrat,58,-0.311,0.01,-0.299172414,0.1060172413793103
102,Senate,200,Republican,44,0.307,-0.3015,0.3198181818181816,-0.305545455
103,President,100,Democrat,1,-0.438,0.033,-0.438,0.033
103,Senate,100,Democrat,57,-0.309,-0.012,-0.296210526,0.074298246
103,Senate,200,Republican,45,0.346,-0.275,0.3376666666666665,-0.266844444
104,President,100,Democrat,1,-0.438,0.033,-0.438,0.033
104,Senate,100,Democrat,48,-0.3085,-0.0485,-0.301541667,0.0084375
104,Senate,200,Republican,55,0.361,-0.234,0.3511090909090909,-0.2314
105,President,100,Democrat,1,-0.438,0.033,-0.438,0.033
105,Senate,100,Democrat,45,-0.308,-0.067,-0.310511111,-0.049622222
105,Senate,200,Republican,55,0.381,-0.181,0.3736727272727273,-0.177127273
106,President,100,Democrat,1,-0.438,0.033,-0.438,0.033
106,Senate,100,Democrat,46,-0.302,-0.0855,-0.29476087,-0.063173913
106,Senate,200,Republican,56,0.3735,-0.188,0.3637857142857143,-0.218142857
107,President,200,Republican,1,0.693,-0.539,0.693,-0.539
107,Senate,100,Democrat,50,-0.3065,-0.079,-0.2947,-0.04176
107,Senate,200,Republican,50,0.3815,-0.1295,0.36872000000000005,-0.19458
107,Senate,328,Independent,2,-0.277,-0.603,-0.277,-0.603
108,President,200,Republican,1,0.693,-0.539,0.693,-0.539
108,Senate,100,Democrat,48,-0.3085,-0.079,-0.291916667,-0.041145833
108,Senate,200,Republican,51,0.364,-0.128,0.3575098039215687,-0.189176471
108,Senate,328,Independent,1,-0.277,-0.603,-0.277,-0.603
109,President,200,Republican,1,0.693,-0.539,0.693,-0.539
109,Senate,100,Democrat,45,-0.326,-0.128,-0.307755556,-0.098977778
109,Senate,200,Republican,55,0.381,-0.121,0.3778727272727274,-0.164709091
109,Senate,328,Independent,1,-0.277,-0.603,-0.277,-0.603
110,President,200,Republican,1,0.693,-0.539,0.693,-0.539
110,Senate,100,Democrat,50,-0.3135,-0.1185,-0.29536,-0.08474
110,Senate,200,Republican,51,0.395,-0.11,0.3914117647058825,-0.142156863
110,Senate,328,Independent,1,-0.543,-0.419,-0.543,-0.419
111,President,100,Democrat,1,-0.358,-0.197,-0.358,-0.197
111,Senate,100,Democrat,66,-0.3165,-0.0915,-0.308969697,-0.071378788
111,Senate,200,Republican,44,0.3985,-0.068,0.3964772727272728,-0.119204545
111,Senate,328,Independent,1,-0.543,-0.419,-0.543,-0.419
112,President,100,Democrat,1,-0.358,-0.197,-0.358,-0.197
112,Senate,100,Democrat,53,-0.319,-0.116,-0.300867925,-0.070037736
112,Senate,200,Republican,48,0.4135,-0.068,0.4436250000000001,-0.084020833
112,Senate,328,Independent,1,-0.543,-0.419,-0.543,-0.419
113,President,100,Democrat,1,-0.358,-0.197,-0.358,-0.197
113,Senate,100,Democrat,57,-0.332,-0.121,-0.326824561,-0.079964912
113,Senate,200,Republican,46,0.4255,-0.0075,0.4698913043478261,-0.038304348
113,Senate,328,Independent,2,-0.354,-0.3045,-0.354,-0.3045
114,President,100,Democrat,1,-0.358,-0.197,-0.358,-0.197
114,Senate,100,Democrat,44,-0.3375,-0.1455,-0.334068182,-0.128431818
114,Senate,200,Republican,54,0.445,-0.032,0.4769629629629628,-0.048555556
114,Senate,328,Independent,2,-0.354,-0.3045,-0.354,-0.3045
115,President,200,Republican,1,0.403,0.162,0.403,0.162
115,Senate,100,Democrat,48,-0.3395,-0.1265,-0.335854167,-0.106729167
115,Senate,200,Republican,55,0.463,-0.029,0.4876,-0.028
115,Senate,328,Independent,2,-0.354,-0.3045,-0.354,-0.3045
116,President,200,Republican,1,0.403,0.162,0.403,0.162
116,Senate,100,Democrat,46,-0.3395,-0.1265,-0.342478261,-0.119869565
116,Senate,200,Republican,54,0.4645,-0.015,0.4986666666666666,0.026518518518518518
116,Senate,328,Independent,2,-0.354,-0.3045,-0.354,-0.3045
117,President,100,Democrat,1,-0.32,0.283,-0.32,0.283
117,President,200,Republican,1,0.403,0.162,0.403,0.162
117,Senate,100,Democrat,49,-0.348,-0.126,-0.347714286,-0.111755102
117,Senate,200,Republican,51,0.503,-0.019,0.5255490196078432,0.018450980392156854
117,Senate,328,Independent,2,-0.354,-0.3045,-0.354,-0.3045
118,Senate,100,Democrat,50,-0.3475,-0.132,-0.34762,-0.12148
118,Senate,200,Republican,49,0.536,0.002,0.5457551020408163,0.042387755102040826
118,Senate,328,Independent,4,-0.181,-0.3045,-0.24275,-0.2445
